id,question,gold answer,table title,original_tab,norm_table_markdown,norm_table
nu-0,which country had the most cyclists finish within the top 10?,italy,2008 Clásica de San Sebastián,"|   row_number |   rank | cyclist                  | team               | time         |   uci_protour_points |
|-------------:|-------:|:-------------------------|:-------------------|:-------------|---------------------:|
|            0 |      1 | alejandro valverde (esp) | caisse d'epargne   | pt5h 29' 10"" |                   40 |
|            1 |      2 | alexandr kolobnev (rus)  | team csc saxo bank | s.t.         |                   30 |
|            2 |      3 | davide rebellin (ita)    | gerolsteiner       | s.t.         |                   25 |
|            3 |      4 | paolo bettini (ita)      | quick step         | s.t.         |                   20 |
|            4 |      5 | franco pellizotti (ita)  | liquigas           | s.t.         |                   15 |
|            5 |      6 | denis menchov (rus)      | rabobank           | s.t.         |                   11 |
|            6 |      7 | samuel sánchez (esp)     | euskaltel-euskadi  | s.t.         |                    7 |
|            7 |      8 | stéphane goubert (fra)   | ag2r-la mondiale   | + 2""         |                    5 |
|            8 |      9 | haimar zubeldia (esp)    | euskaltel-euskadi  | + 2""         |                    3 |
|            9 |     10 | david moncoutié (fra)    | cofidis            | + 2""         |                    1 |","|   row_number |   rank | cyclist            | team               | time       |   uci_protour_points |
|-------------:|-------:|:-------------------|:-------------------|:-----------|---------------------:|
|            0 |      1 | alejandro valverde | caisse d'epargne   | 5h 29m 10s |                   40 |
|            1 |      2 | alexandr kolobnev  | team csc saxo bank | s.t.       |                   30 |
|            2 |      3 | davide rebellin    | gerolsteiner       | s.t.       |                   25 |
|            3 |      4 | paolo bettini      | quick step         | s.t.       |                   20 |
|            4 |      5 | franco pellizotti  | liquigas           | s.t.       |                   15 |
|            5 |      6 | denis menchov      | rabobank           | s.t.       |                   11 |
|            6 |      7 | samuel sánchez     | euskaltel-euskadi  | s.t.       |                    7 |
|            7 |      8 | stéphane goubert   | ag2r-la mondiale   | + 2s       |                    5 |
|            8 |      9 | haimar zubeldia    | euskaltel-euskadi  | + 2s       |                    3 |
|            9 |     10 | david moncoutié    | cofidis            | + 2s       |                    1 |","[['row_number', 'rank', 'cyclist', 'team', 'time', 'uci_protour_points'], [0, 1, 'alejandro valverde', ""caisse d'epargne"", '5h 29m 10s', 40], [1, 2, 'alexandr kolobnev', 'team csc saxo bank', 's.t.', 30], [2, 3, 'davide rebellin', 'gerolsteiner', 's.t.', 25], [3, 4, 'paolo bettini', 'quick step', 's.t.', 20], [4, 5, 'franco pellizotti', 'liquigas', 's.t.', 15], [5, 6, 'denis menchov', 'rabobank', 's.t.', 11], [6, 7, 'samuel sánchez', 'euskaltel-euskadi', 's.t.', 7], [7, 8, 'stéphane goubert', 'ag2r-la mondiale', '+ 2s', 5], [8, 9, 'haimar zubeldia', 'euskaltel-euskadi', '+ 2s', 3], [9, 10, 'david moncoutié', 'cofidis', '+ 2s', 1]]"
nu-1,how many people were murdered in 1940/41?,"100,000",World War II casualties of Poland,"|   row_number | description_losses                | 1939_40   | 1940_41   | 1941_42   | 1942_43   | 1943_44   | 1944_45   |   total |
|-------------:|:----------------------------------|:----------|:----------|:----------|:----------|:----------|:----------|--------:|
|            0 | direct war losses                 | 360000    | none      | none      | none      | none      | 183000    |  543000 |
|            1 | murdered                          | 75000     | 100000    | 116000    | 133000    | 82000     | none      |  506000 |
|            2 | deaths in prisons & camps         | 69000     | 210000    | 220000    | 266000    | 381000    | none      | 1146000 |
|            3 | deaths outside of prisons & camps | none      | 42000     | 71000     | 142000    | 218000    | none      |  473000 |
|            4 | murdered in eastern regions       | none      | none      | none      | none      | none      | 100000    |  100000 |
|            5 | deaths other countries            | none      | none      | none      | none      | none      | none      |    2000 |
|            6 | total                             | 504000    | 352000    | 407000    | 541000    | 681000    | 270000    | 2770000 |","| description_losses                | year    |   losses |
|:----------------------------------|:--------|---------:|
| direct war losses                 | 1939_40 |   360000 |
| direct war losses                 | 1944_45 |   183000 |
| murdered                          | 1939_40 |    75000 |
| murdered                          | 1940_41 |   100000 |
| murdered                          | 1941_42 |   116000 |
| murdered                          | 1942_43 |   133000 |
| murdered                          | 1943_44 |    82000 |
| murdered                          | total   |   506000 |
| deaths in prisons & camps         | 1939_40 |    69000 |
| deaths in prisons & camps         | 1940_41 |   210000 |
| deaths in prisons & camps         | 1941_42 |   220000 |
| deaths in prisons & camps         | 1942_43 |   266000 |
| deaths in prisons & camps         | 1943_44 |   381000 |
| deaths in prisons & camps         | total   |  1146000 |
| deaths outside of prisons & camps | 1940_41 |    42000 |
| deaths outside of prisons & camps | 1941_42 |    71000 |
| deaths outside of prisons & camps | 1942_43 |   142000 |
| deaths outside of prisons & camps | 1943_44 |   218000 |
| deaths outside of prisons & camps | total   |   473000 |
| murdered in eastern regions       | 1944_45 |   100000 |
| deaths other countries            | total   |     2000 |","[['description_losses', 'year', 'losses'], ['direct war losses', '1939_40', 360000], ['direct war losses', '1944_45', 183000], ['murdered', '1939_40', 75000], ['murdered', '1940_41', 100000], ['murdered', '1941_42', 116000], ['murdered', '1942_43', 133000], ['murdered', '1943_44', 82000], ['murdered', 'total', 506000], ['deaths in prisons & camps', '1939_40', 69000], ['deaths in prisons & camps', '1940_41', 210000], ['deaths in prisons & camps', '1941_42', 220000], ['deaths in prisons & camps', '1942_43', 266000], ['deaths in prisons & camps', '1943_44', 381000], ['deaths in prisons & camps', 'total', 1146000], ['deaths outside of prisons & camps', '1940_41', 42000], ['deaths outside of prisons & camps', '1941_42', 71000], ['deaths outside of prisons & camps', '1942_43', 142000], ['deaths outside of prisons & camps', '1943_44', 218000], ['deaths outside of prisons & camps', 'total', 473000], ['murdered in eastern regions', '1944_45', 100000], ['deaths other countries', 'total', 2000]]"
nu-2,how long did it take for the new york americans to win the national cup after 1936?,17 years,New York Americans (soccer),"|   row_number | year    | division   | league   | reg_season       | playoffs              | national_cup   |
|-------------:|:--------|:-----------|:---------|:-----------------|:----------------------|:---------------|
|            0 | 1931    | 1          | asl      | 6th (fa)         | no playoff            | n/a            |
|            1 | 1932-sp | 1          | asl      | 5th?             | no playoff            | 1st round      |
|            2 | 1932-fa | 1          | asl      | 3rd              | no playoff            | n/a            |
|            3 | 1933-sp | 1          | asl      | ?                | ?                     | final          |
|            4 | 1933/34 | n/a        | asl      | 2nd              | no playoff            | ?              |
|            5 | 1934/35 | n/a        | asl      | 2nd              | no playoff            | ?              |
|            6 | 1935/36 | n/a        | asl      | 1st              | champion (no playoff) | ?              |
|            7 | 1936/37 | n/a        | asl      | 5th, national    | did not qualify       | champion       |
|            8 | 1937/38 | n/a        | asl      | 3rd(t), national | 1st round             | ?              |
|            9 | 1938/39 | n/a        | asl      | 4th, national    | did not qualify       | ?              |
|           10 | 1939/40 | n/a        | asl      | 4th              | no playoff            | ?              |
|           11 | 1940/41 | n/a        | asl      | 6th              | no playoff            | ?              |
|           12 | 1941/42 | n/a        | asl      | 3rd              | no playoff            | ?              |
|           13 | 1942/43 | n/a        | asl      | 6th              | no playoff            | ?              |
|           14 | 1943/44 | n/a        | asl      | 9th              | no playoff            | ?              |
|           15 | 1944/45 | n/a        | asl      | 9th              | no playoff            | ?              |
|           16 | 1945/46 | n/a        | asl      | 5th              | no playoff            | ?              |
|           17 | 1946/47 | n/a        | asl      | 6th              | no playoff            | ?              |
|           18 | 1947/48 | n/a        | asl      | 6th              | no playoff            | ?              |
|           19 | 1948/49 | n/a        | asl      | 1st(t)           | finals                | ?              |
|           20 | 1949/50 | n/a        | asl      | 3rd              | no playoff            | ?              |
|           21 | 1950/51 | n/a        | asl      | 5th              | no playoff            | ?              |
|           22 | 1951/52 | n/a        | asl      | 6th              | no playoff            | ?              |
|           23 | 1952/53 | n/a        | asl      | 6th              | no playoff            | semifinals     |
|           24 | 1953/54 | n/a        | asl      | 1st              | champion (no playoff) | champion       |
|           25 | 1954/55 | n/a        | asl      | 8th              | no playoff            | ?              |
|           26 | 1955/56 | n/a        | asl      | 6th              | no playoff            | ?              |","|   year_start |   year_end | division   | league   | reg_season       | playoffs              | national_cup   |
|-------------:|-----------:|:-----------|:---------|:-----------------|:----------------------|:---------------|
|         1931 |       1931 | 1          | asl      | 6th (fa)         | no playoff            |                |
|         1932 |       1932 | 1          | asl      | 5th?             | no playoff            | 1st round      |
|         1932 |       1932 | 1          | asl      | 3rd              | no playoff            |                |
|         1933 |       1933 | 1          | asl      |                  |                       | final          |
|         1933 |       1934 |            | asl      | 2nd              | no playoff            |                |
|         1934 |       1935 |            | asl      | 2nd              | no playoff            |                |
|         1935 |       1936 |            | asl      | 1st              | champion (no playoff) |                |
|         1936 |       1937 |            | asl      | 5th, national    | did not qualify       | champion       |
|         1937 |       1938 |            | asl      | 3rd(t), national | 1st round             |                |
|         1938 |       1939 |            | asl      | 4th, national    | did not qualify       |                |
|         1939 |       1940 |            | asl      | 4th              | no playoff            |                |
|         1940 |       1941 |            | asl      | 6th              | no playoff            |                |
|         1941 |       1942 |            | asl      | 3rd              | no playoff            |                |
|         1942 |       1943 |            | asl      | 6th              | no playoff            |                |
|         1943 |       1944 |            | asl      | 9th              | no playoff            |                |
|         1944 |       1945 |            | asl      | 9th              | no playoff            |                |
|         1945 |       1946 |            | asl      | 5th              | no playoff            |                |
|         1946 |       1947 |            | asl      | 6th              | no playoff            |                |
|         1947 |       1948 |            | asl      | 6th              | no playoff            |                |
|         1948 |       1949 |            | asl      | 1st(t)           | finals                |                |
|         1949 |       1950 |            | asl      | 3rd              | no playoff            |                |
|         1950 |       1951 |            | asl      | 5th              | no playoff            |                |
|         1951 |       1952 |            | asl      | 6th              | no playoff            |                |
|         1952 |       1953 |            | asl      | 6th              | no playoff            | semifinals     |
|         1953 |       1954 |            | asl      | 1st              | champion (no playoff) | champion       |
|         1954 |       1955 |            | asl      | 8th              | no playoff            |                |
|         1955 |       1956 |            | asl      | 6th              | no playoff            |                |","[['year_start', 'year_end', 'division', 'league', 'reg_season', 'playoffs', 'national_cup'], [1931, 1931, 1, 'asl', '6th (fa)', 'no playoff', ''], [1932, 1932, 1, 'asl', '5th?', 'no playoff', '1st round'], [1932, 1932, 1, 'asl', '3rd', 'no playoff', ''], [1933, 1933, 1, 'asl', '', '', 'final'], [1933, 1934, '', 'asl', '2nd', 'no playoff', ''], [1934, 1935, '', 'asl', '2nd', 'no playoff', ''], [1935, 1936, '', 'asl', '1st', 'champion (no playoff)', ''], [1936, 1937, '', 'asl', '5th, national', 'did not qualify', 'champion'], [1937, 1938, '', 'asl', '3rd(t), national', '1st round', ''], [1938, 1939, '', 'asl', '4th, national', 'did not qualify', ''], [1939, 1940, '', 'asl', '4th', 'no playoff', ''], [1940, 1941, '', 'asl', '6th', 'no playoff', ''], [1941, 1942, '', 'asl', '3rd', 'no playoff', ''], [1942, 1943, '', 'asl', '6th', 'no playoff', ''], [1943, 1944, '', 'asl', '9th', 'no playoff', ''], [1944, 1945, '', 'asl', '9th', 'no playoff', ''], [1945, 1946, '', 'asl', '5th', 'no playoff', ''], [1946, 1947, '', 'asl', '6th', 'no playoff', ''], [1947, 1948, '', 'asl', '6th', 'no playoff', ''], [1948, 1949, '', 'asl', '1st(t)', 'finals', ''], [1949, 1950, '', 'asl', '3rd', 'no playoff', ''], [1950, 1951, '', 'asl', '5th', 'no playoff', ''], [1951, 1952, '', 'asl', '6th', 'no playoff', ''], [1952, 1953, '', 'asl', '6th', 'no playoff', 'semifinals'], [1953, 1954, '', 'asl', '1st', 'champion (no playoff)', 'champion'], [1954, 1955, '', 'asl', '8th', 'no playoff', ''], [1955, 1956, '', 'asl', '6th', 'no playoff', '']]"
nu-3,alfie's birthday party aired on january 19. what was the airdate of the next episode?,"january 26, 1995",My Brother and Me,"|   row_number |   series__ |   season__ | title                         | notes                                                                                                                                                                                                                                                                                                                                                                                                                                                                                                                                                                                                                                                                                                                                                                                              | original_air_date   |
|-------------:|-----------:|-----------:|:------------------------------|:---------------------------------------------------------------------------------------------------------------------------------------------------------------------------------------------------------------------------------------------------------------------------------------------------------------------------------------------------------------------------------------------------------------------------------------------------------------------------------------------------------------------------------------------------------------------------------------------------------------------------------------------------------------------------------------------------------------------------------------------------------------------------------------------------|:--------------------|
|            0 |          1 |          1 | ""the charity""                 | alfie, dee dee, and melanie are supposed to be helping their parents at a carnival by working the dunking booth. when goo arrives and announces their favorite basketball player, kendall gill, is at the comic book store signing autographs, the boys decide to ditch the carnival. this leaves melanie and jennifer to work the booth and both end up soaked. but the comic book store is packed and much to alfie and dee dee's surprise their father has to interview kendall gill. goo comes up with a plan to get alfie and dee dee, gill's signature before getting them back at the local carnival, but are caught by roger. all ends well for everyone except alfie and goo, who must endure being soaked at the dunking booth.                                                          | 1994-10-15          |
|            1 |          2 |          1 | ""the practical joke war""      | alfie and goo unleash harsh practical jokes on dee dee and his friends. dee dee, harry and donnel retaliate by pulling a practical joke on alfie with the trick gum. after alfie and goo get even with dee dee and his friends, melanie and deonne help them get even. soon, alfie and goo declare a practical joke war on melanie, dee dee and their friends. this eventually stops when roger and jennifer end up on the wrong end of the practical joke war after being announced as the winner of a magazine contest for best family of 2024. they set their children straight for their behavior and will have a talk with their friends' parents as well.                                                                                                                                    | 1994-10-22          |
|            2 |          3 |          1 | ""2024-w21-we aunt helen came"" | the boy's mother, jennifer, leaves for 2024-w21-we and she leaves the father, roger, in charge. however, he lets the kids run wild. alfie and dee dee's aunt helen then comes to oversee the house until jennifer gets back. meanwhile, alfie throws a basketball at goo, which hits him in the head, giving him temporary amnesia. in this case of memory loss, goo acts like a nerd, does homework on a weekend, wants to be called milton instead of goo, and he even calls alfie alfred. he is much nicer to deonne and dee dee, but is somewhat rude to melanie. the only thing that will reverse this is another hit in the head.                                                                                                                                                            | 1994-11-1           |
|            3 |          4 |          1 | ""robin hood play""             | alfie's school is performing the play robin hood and alfie is chosen to play the part of robin hood. alfie is excited at this prospect, but he does not want to wear tights because he feels that tights are for girls. however, he reconsiders his stance on tights when dee dee wisely tells him not to let that affect his performance as robin hood.                                                                                                                                                                                                                                                                                                                                                                                                                                           | 1994-11-9           |
|            4 |          5 |          1 | ""basketball tryouts""          | alfie tries out for the basketball team and doesn't make it even after showing off his basketball skills. however, harry, dee dee and donnell make the team. alfie is depressed and doesn't want to attend the celebration party. however, goo sets him straight by telling him it was his own fault for not being a team player and kept the ball to himself.                                                                                                                                                                                                                                                                                                                                                                                                                                     | 1994-11-30          |
|            5 |          6 |          1 | ""where's the snake?""          | dee dee gets a snake, but he doesn't want his parents to know about it. however, things get complicated when he loses the snake in the house. meanwhile, melanie and deonne are assigned by their teacher to take care of her beloved pet rabbit, duchess for 2024-w21-we. this causes both alfie and dee dee to be concerned for duchess when they learn from goo that snakes eat rabbits.                                                                                                                                                                                                                                                                                                                                                                                                        | 1994-12-6           |
|            6 |          7 |          1 | ""dee dee's girlfriend""        | a girl kisses dee dee in front of harry and donnell. they promise not to tell, but it slips and everyone laughs at dee dee. dee dee ends his friendship with harry and donnell and hangs out with alfie and goo. soon, alfie and goo finally get the 3 to talk to each other.                                                                                                                                                                                                                                                                                                                                                                                                                                                                                                                      | 1994-12-15          |
|            7 |          8 |          1 | ""dee dee's haircut""           | dee dee wants to get a hair cut by cool doctor money and have his name shaved in his head. his parents will not let him do this, but goo offers to do it for 5 dollars. however, when goo messes up dee dee's hair and spells his name wrong, his parents find out the truth and dee dee is forced to have his hair shaved off. in addition to that, his friends tease him about his bald head, causing a fight between the boys along with goo and alfie. in a b-story, alfie and goo try to play a practical joke on dee dee involving a jalapeño lollipop. it backfires when roger is the unwitting victim and it leads to him chasing the boys around.                                                                                                                                         | 1994-12-20          |
|            8 |          9 |          1 | ""dee dee runs away""           | dee dee has been waiting to go to a monster truck show p1w. but alfie and goo's baseball team makes it to the tournament and everyone forgets about the monster truck show. dee dee feels ignored and runs away from home with harry and donnell. it's up to alfie and goo to try and convince him to come home.                                                                                                                                                                                                                                                                                                                                                                                                                                                                                   | 1994-12-28          |
|            9 |         10 |          1 | '""donnell's birthday party""   | donnell is having a birthday party and brags about all the dancing and cool people who will be there. harry says that he knows how to dance so dee dee feels left out because he doesn't know how to dance. later on, harry admits to dee dee alone that he can't dance either and only lied so he doesn't get teased by donnell. so, they ask alfie to help them learn how to dance. he refuses to help because dee dee past_ref told on him to roger about his and goo's plans to cheat on their math quiz. alfie eventually agrees, after melanie threatens to refuse to help him with his math homework. soon dee dee and harry learn donnell's secret and were forced to teach him how to dance. after the party, dee dee tells alfie about it and finds out that he knew donnell was a liar. | 1995-1-5            |
|           10 |         11 |          1 | ""alfie's birthday party""      | goo and melanie pretend they are dating and they leave alfie out of everything. he ends up bored and starts hanging out with dee dee and his friends. however, it just isn't the same without goo. later on, alfie learns about the surprise birthday party that goo and melanie had been planning with everyone else (except for dee dee, who couldn't know since he would've told).                                                                                                                                                                                                                                                                                                                                                                                                              | 1995-1-19           |
|           11 |         12 |          1 | ""candy sale""                  | alfie and goo are selling candy to make money for some expensive jackets, but they are not having any luck. however, when dee dee start helping them sell candy, they start to make money and asks him to help them out. soon goo and alfie finds themselves confronted by melanie, deonne, harry and donnell for dee dee's share of the money. they soon learn the boys have used the money to buy 3 expensive jackets for themselves and dee dee as a token of their gratitude. they quickly apologize to alfie and goo for their quick judgment.                                                                                                                                                                                                                                                | 1995-1-26           |
|           12 |         13 |          1 | ""the big bully""               | dee dee gets beat up at school and his friends try to teach him how to fight back. goo, however, tells him to bluff, but the plan backfires and dee dee gets hit because of it. when alfie confronts the bully, he learns that dee dee was picked on by a girl. alfie and goo decide to confront her. however, when some of their classmates, who happen to be the girls' siblings, learn they are bullying their sister, they intervene.                                                                                                                                                                                                                                                                                                                                                          | 1995-2-2            |","|   row_number |   series |   season | title                       | notes                                                                                                                                                                                                                                                                                                                                                                                                                                                                                                                                                                                                                                                                                                                                                                                              | original_air_date   |
|-------------:|---------:|---------:|:----------------------------|:---------------------------------------------------------------------------------------------------------------------------------------------------------------------------------------------------------------------------------------------------------------------------------------------------------------------------------------------------------------------------------------------------------------------------------------------------------------------------------------------------------------------------------------------------------------------------------------------------------------------------------------------------------------------------------------------------------------------------------------------------------------------------------------------------|:--------------------|
|            0 |        1 |        1 | the charity                 | alfie, dee dee, and melanie are supposed to be helping their parents at a carnival by working the dunking booth. when goo arrives and announces their favorite basketball player, kendall gill, is at the comic book store signing autographs, the boys decide to ditch the carnival. this leaves melanie and jennifer to work the booth and both end up soaked. but the comic book store is packed and much to alfie and dee dee's surprise their father has to interview kendall gill. goo comes up with a plan to get alfie and dee dee, gill's signature before getting them back at the local carnival, but are caught by roger. all ends well for everyone except alfie and goo, who must endure being soaked at the dunking booth.                                                          | 1994-10-15          |
|            1 |        2 |        1 | the practical joke war      | alfie and goo unleash harsh practical jokes on dee dee and his friends. dee dee, harry and donnel retaliate by pulling a practical joke on alfie with the trick gum. after alfie and goo get even with dee dee and his friends, melanie and deonne help them get even. soon, alfie and goo declare a practical joke war on melanie, dee dee and their friends. this eventually stops when roger and jennifer end up on the wrong end of the practical joke war after being announced as the winner of a magazine contest for best family of 2024. they set their children straight for their behavior and will have a talk with their friends' parents as well.                                                                                                                                    | 1994-10-22          |
|            2 |        3 |        1 | 2024-w21-we aunt helen came | the boy's mother, jennifer, leaves for 2024-w21-we and she leaves the father, roger, in charge. however, he lets the kids run wild. alfie and dee dee's aunt helen then comes to oversee the house until jennifer gets back. meanwhile, alfie throws a basketball at goo, which hits him in the head, giving him temporary amnesia. in this case of memory loss, goo acts like a nerd, does homework on a weekend, wants to be called milton instead of goo, and he even calls alfie alfred. he is much nicer to deonne and dee dee, but is somewhat rude to melanie. the only thing that will reverse this is another hit in the head.                                                                                                                                                            | 1994-11-1           |
|            3 |        4 |        1 | robin hood play             | alfie's school is performing the play robin hood and alfie is chosen to play the part of robin hood. alfie is excited at this prospect, but he does not want to wear tights because he feels that tights are for girls. however, he reconsiders his stance on tights when dee dee wisely tells him not to let that affect his performance as robin hood.                                                                                                                                                                                                                                                                                                                                                                                                                                           | 1994-11-9           |
|            4 |        5 |        1 | basketball tryouts          | alfie tries out for the basketball team and doesn't make it even after showing off his basketball skills. however, harry, dee dee and donnell make the team. alfie is depressed and doesn't want to attend the celebration party. however, goo sets him straight by telling him it was his own fault for not being a team player and kept the ball to himself.                                                                                                                                                                                                                                                                                                                                                                                                                                     | 1994-11-30          |
|            5 |        6 |        1 | where's the snake?          | dee dee gets a snake, but he doesn't want his parents to know about it. however, things get complicated when he loses the snake in the house. meanwhile, melanie and deonne are assigned by their teacher to take care of her beloved pet rabbit, duchess for 2024-w21-we. this causes both alfie and dee dee to be concerned for duchess when they learn from goo that snakes eat rabbits.                                                                                                                                                                                                                                                                                                                                                                                                        | 1994-12-6           |
|            6 |        7 |        1 | dee dee's girlfriend        | a girl kisses dee dee in front of harry and donnell. they promise not to tell, but it slips and everyone laughs at dee dee. dee dee ends his friendship with harry and donnell and hangs out with alfie and goo. soon, alfie and goo finally get the 3 to talk to each other.                                                                                                                                                                                                                                                                                                                                                                                                                                                                                                                      | 1994-12-15          |
|            7 |        8 |        1 | dee dee's haircut           | dee dee wants to get a hair cut by cool doctor money and have his name shaved in his head. his parents will not let him do this, but goo offers to do it for 5 dollars. however, when goo messes up dee dee's hair and spells his name wrong, his parents find out the truth and dee dee is forced to have his hair shaved off. in addition to that, his friends tease him about his bald head, causing a fight between the boys along with goo and alfie. in a b-story, alfie and goo try to play a practical joke on dee dee involving a jalapeño lollipop. it backfires when roger is the unwitting victim and it leads to him chasing the boys around.                                                                                                                                         | 1994-12-20          |
|            8 |        9 |        1 | dee dee runs away           | dee dee has been waiting to go to a monster truck show p1w. but alfie and goo's baseball team makes it to the tournament and everyone forgets about the monster truck show. dee dee feels ignored and runs away from home with harry and donnell. it's up to alfie and goo to try and convince him to come home.                                                                                                                                                                                                                                                                                                                                                                                                                                                                                   | 1994-12-28          |
|            9 |       10 |        1 | ""donnell's birthday party""  | donnell is having a birthday party and brags about all the dancing and cool people who will be there. harry says that he knows how to dance so dee dee feels left out because he doesn't know how to dance. later on, harry admits to dee dee alone that he can't dance either and only lied so he doesn't get teased by donnell. so, they ask alfie to help them learn how to dance. he refuses to help because dee dee past_ref told on him to roger about his and goo's plans to cheat on their math quiz. alfie eventually agrees, after melanie threatens to refuse to help him with his math homework. soon dee dee and harry learn donnell's secret and were forced to teach him how to dance. after the party, dee dee tells alfie about it and finds out that he knew donnell was a liar. | 1995-1-5            |
|           10 |       11 |        1 | alfie's birthday party      | goo and melanie pretend they are dating and they leave alfie out of everything. he ends up bored and starts hanging out with dee dee and his friends. however, it just isn't the same without goo. later on, alfie learns about the surprise birthday party that goo and melanie had been planning with everyone else (except for dee dee, who couldn't know since he would've told).                                                                                                                                                                                                                                                                                                                                                                                                              | 1995-1-19           |
|           11 |       12 |        1 | candy sale                  | alfie and goo are selling candy to make money for some expensive jackets, but they are not having any luck. however, when dee dee start helping them sell candy, they start to make money and asks him to help them out. soon goo and alfie finds themselves confronted by melanie, deonne, harry and donnell for dee dee's share of the money. they soon learn the boys have used the money to buy 3 expensive jackets for themselves and dee dee as a token of their gratitude. they quickly apologize to alfie and goo for their quick judgment.                                                                                                                                                                                                                                                | 1995-1-26           |
|           12 |       13 |        1 | the big bully               | dee dee gets beat up at school and his friends try to teach him how to fight back. goo, however, tells him to bluff, but the plan backfires and dee dee gets hit because of it. when alfie confronts the bully, he learns that dee dee was picked on by a girl. alfie and goo decide to confront her. however, when some of their classmates, who happen to be the girls' siblings, learn they are bullying their sister, they intervene.                                                                                                                                                                                                                                                                                                                                                          | 1995-2-2            |","[['row_number', 'series', 'season', 'title', 'notes', 'original_air_date'], [0, 1, 1, 'the charity', ""alfie, dee dee, and melanie are supposed to be helping their parents at a carnival by working the dunking booth. when goo arrives and announces their favorite basketball player, kendall gill, is at the comic book store signing autographs, the boys decide to ditch the carnival. this leaves melanie and jennifer to work the booth and both end up soaked. but the comic book store is packed and much to alfie and dee dee's surprise their father has to interview kendall gill. goo comes up with a plan to get alfie and dee dee, gill's signature before getting them back at the local carnival, but are caught by roger. all ends well for everyone except alfie and goo, who must endure being soaked at the dunking booth."", '1994-10-15'], [1, 2, 1, 'the practical joke war', ""alfie and goo unleash harsh practical jokes on dee dee and his friends. dee dee, harry and donnel retaliate by pulling a practical joke on alfie with the trick gum. after alfie and goo get even with dee dee and his friends, melanie and deonne help them get even. soon, alfie and goo declare a practical joke war on melanie, dee dee and their friends. this eventually stops when roger and jennifer end up on the wrong end of the practical joke war after being announced as the winner of a magazine contest for best family of 2024. they set their children straight for their behavior and will have a talk with their friends' parents as well."", '1994-10-22'], [2, 3, 1, '2024-w21-we aunt helen came', ""the boy's mother, jennifer, leaves for 2024-w21-we and she leaves the father, roger, in charge. however, he lets the kids run wild. alfie and dee dee's aunt helen then comes to oversee the house until jennifer gets back. meanwhile, alfie throws a basketball at goo, which hits him in the head, giving him temporary amnesia. in this case of memory loss, goo acts like a nerd, does homework on a weekend, wants to be called milton instead of goo, and he even calls alfie alfred. he is much nicer to deonne and dee dee, but is somewhat rude to melanie. the only thing that will reverse this is another hit in the head."", '1994-11-1'], [3, 4, 1, 'robin hood play', ""alfie's school is performing the play robin hood and alfie is chosen to play the part of robin hood. alfie is excited at this prospect, but he does not want to wear tights because he feels that tights are for girls. however, he reconsiders his stance on tights when dee dee wisely tells him not to let that affect his performance as robin hood."", '1994-11-9'], [4, 5, 1, 'basketball tryouts', ""alfie tries out for the basketball team and doesn't make it even after showing off his basketball skills. however, harry, dee dee and donnell make the team. alfie is depressed and doesn't want to attend the celebration party. however, goo sets him straight by telling him it was his own fault for not being a team player and kept the ball to himself."", '1994-11-30'], [5, 6, 1, ""where's the snake?"", ""dee dee gets a snake, but he doesn't want his parents to know about it. however, things get complicated when he loses the snake in the house. meanwhile, melanie and deonne are assigned by their teacher to take care of her beloved pet rabbit, duchess for 2024-w21-we. this causes both alfie and dee dee to be concerned for duchess when they learn from goo that snakes eat rabbits."", '1994-12-6'], [6, 7, 1, ""dee dee's girlfriend"", 'a girl kisses dee dee in front of harry and donnell. they promise not to tell, but it slips and everyone laughs at dee dee. dee dee ends his friendship with harry and donnell and hangs out with alfie and goo. soon, alfie and goo finally get the 3 to talk to each other.', '1994-12-15'], [7, 8, 1, ""dee dee's haircut"", ""dee dee wants to get a hair cut by cool doctor money and have his name shaved in his head. his parents will not let him do this, but goo offers to do it for 5 dollars. however, when goo messes up dee dee's hair and spells his name wrong, his parents find out the truth and dee dee is forced to have his hair shaved off. in addition to that, his friends tease him about his bald head, causing a fight between the boys along with goo and alfie. in a b-story, alfie and goo try to play a practical joke on dee dee involving a jalapeño lollipop. it backfires when roger is the unwitting victim and it leads to him chasing the boys around."", '1994-12-20'], [8, 9, 1, 'dee dee runs away', ""dee dee has been waiting to go to a monster truck show p1w. but alfie and goo's baseball team makes it to the tournament and everyone forgets about the monster truck show. dee dee feels ignored and runs away from home with harry and donnell. it's up to alfie and goo to try and convince him to come home."", '1994-12-28'], [9, 10, 1, '""donnell\'s birthday party""', ""donnell is having a birthday party and brags about all the dancing and cool people who will be there. harry says that he knows how to dance so dee dee feels left out because he doesn't know how to dance. later on, harry admits to dee dee alone that he can't dance either and only lied so he doesn't get teased by donnell. so, they ask alfie to help them learn how to dance. he refuses to help because dee dee past_ref told on him to roger about his and goo's plans to cheat on their math quiz. alfie eventually agrees, after melanie threatens to refuse to help him with his math homework. soon dee dee and harry learn donnell's secret and were forced to teach him how to dance. after the party, dee dee tells alfie about it and finds out that he knew donnell was a liar."", '1995-1-5'], [10, 11, 1, ""alfie's birthday party"", ""goo and melanie pretend they are dating and they leave alfie out of everything. he ends up bored and starts hanging out with dee dee and his friends. however, it just isn't the same without goo. later on, alfie learns about the surprise birthday party that goo and melanie had been planning with everyone else (except for dee dee, who couldn't know since he would've told)."", '1995-1-19'], [11, 12, 1, 'candy sale', ""alfie and goo are selling candy to make money for some expensive jackets, but they are not having any luck. however, when dee dee start helping them sell candy, they start to make money and asks him to help them out. soon goo and alfie finds themselves confronted by melanie, deonne, harry and donnell for dee dee's share of the money. they soon learn the boys have used the money to buy 3 expensive jackets for themselves and dee dee as a token of their gratitude. they quickly apologize to alfie and goo for their quick judgment."", '1995-1-26'], [12, 13, 1, 'the big bully', ""dee dee gets beat up at school and his friends try to teach him how to fight back. goo, however, tells him to bluff, but the plan backfires and dee dee gets hit because of it. when alfie confronts the bully, he learns that dee dee was picked on by a girl. alfie and goo decide to confront her. however, when some of their classmates, who happen to be the girls' siblings, learn they are bullying their sister, they intervene."", '1995-2-2']]"
nu-4,what is the number of 1st place finishes across all events?,17,Sky Track Cycling,"|   row_number | date       | competition                    | location   | country        | event                |   placing | rider              | nationality   |
|-------------:|:-----------|:-------------------------------|:-----------|:---------------|:---------------------|----------:|:-------------------|:--------------|
|            0 | 2008-10-31 | 2008–9 world cup               | manchester | united kingdom | sprint               |         1 | victoria pendleton | gbr           |
|            1 | 2008-10-31 | 2008–9 world cup               | manchester | united kingdom | keirin               |         2 | jason kenny        | gbr           |
|            2 | 2008-11-1  | 2008–9 world cup               | manchester | united kingdom | sprint               |         1 | jason kenny        | gbr           |
|            3 | 2008-11-1  | 2008–9 world cup               | manchester | united kingdom | 500 m time trial     |         1 | victoria pendleton | gbr           |
|            4 | 2008-11-2  | 2008–9 world cup               | manchester | united kingdom | team sprint          |         1 | ross edgar         | gbr           |
|            5 | 2008-11-2  | 2008–9 world cup               | manchester | united kingdom | team sprint          |         1 | jason kenny        | gbr           |
|            6 | 2008-11-2  | 2008–9 world cup               | manchester | united kingdom | team sprint          |         1 | jamie staff        | gbr           |
|            7 | 2008-11-2  | 2008–9 world cup               | manchester | united kingdom | keirin               |         1 | victoria pendleton | gbr           |
|            8 | 2008-11-2  | 5th international keirin event | manchester | united kingdom | international keirin |         2 | ross edgar         | gbr           |
|            9 | 2009-2-13  | 2008–9 world cup               | copenhagen | denmark        | team sprint          |         1 | chris hoy          | gbr           |
|           10 | 2009-2-13  | 2008–9 world cup               | copenhagen | denmark        | team sprint          |         1 | jason kenny        | gbr           |
|           11 | 2009-2-13  | 2008–9 world cup               | copenhagen | denmark        | team sprint          |         1 | jamie staff        | gbr           |
|           12 | 2009-2-13  | 2008–9 world cup               | copenhagen | denmark        | sprint               |         1 | victoria pendleton | gbr           |
|           13 | 2009-10-30 | 2009–10 world cup              | manchester | united kingdom | keirin               |         1 | chris hoy          | gbr           |
|           14 | 2009-10-30 | 2009–10 world cup              | manchester | united kingdom | sprint               |         1 | victoria pendleton | gbr           |
|           15 | 2009-10-30 | 2009–10 world cup              | manchester | united kingdom | sprint               |         1 | chris hoy          | gbr           |
|           16 | 2009-10-30 | 2009–10 world cup              | manchester | united kingdom | 500 m time trial     |         2 | victoria pendleton | gbr           |
|           17 | 2009-11-1  | 2009–10 world cup              | manchester | united kingdom | team sprint          |         1 | ross edgar         | gbr           |
|           18 | 2009-11-1  | 2009–10 world cup              | manchester | united kingdom | team sprint          |         1 | chris hoy          | gbr           |
|           19 | 2009-11-1  | 2009–10 world cup              | manchester | united kingdom | team sprint          |         1 | jamie staff        | gbr           |","| date       | competition                    | location   | country        | event                |   placing | rider              | nationality   |
|:-----------|:-------------------------------|:-----------|:---------------|:---------------------|----------:|:-------------------|:--------------|
| 2008-10-31 | 2008–9 world cup               | manchester | united kingdom | sprint               |         1 | victoria pendleton | gbr           |
| 2008-10-31 | 2008–9 world cup               | manchester | united kingdom | keirin               |         2 | jason kenny        | gbr           |
| 2008-11-1  | 2008–9 world cup               | manchester | united kingdom | sprint               |         1 | jason kenny        | gbr           |
| 2008-11-1  | 2008–9 world cup               | manchester | united kingdom | 500 m time trial     |         1 | victoria pendleton | gbr           |
| 2008-11-2  | 2008–9 world cup               | manchester | united kingdom | team sprint          |         1 | ross edgar         | gbr           |
| 2008-11-2  | 2008–9 world cup               | manchester | united kingdom | team sprint          |         1 | jason kenny        | gbr           |
| 2008-11-2  | 2008–9 world cup               | manchester | united kingdom | team sprint          |         1 | jamie staff        | gbr           |
| 2008-11-2  | 2008–9 world cup               | manchester | united kingdom | keirin               |         1 | victoria pendleton | gbr           |
| 2008-11-2  | 5th international keirin event | manchester | united kingdom | international keirin |         2 | ross edgar         | gbr           |
| 2009-2-13  | 2008–9 world cup               | copenhagen | denmark        | team sprint          |         1 | chris hoy          | gbr           |
| 2009-2-13  | 2008–9 world cup               | copenhagen | denmark        | team sprint          |         1 | jason kenny        | gbr           |
| 2009-2-13  | 2008–9 world cup               | copenhagen | denmark        | team sprint          |         1 | jamie staff        | gbr           |
| 2009-2-13  | 2008–9 world cup               | copenhagen | denmark        | sprint               |         1 | victoria pendleton | gbr           |
| 2009-10-30 | 2009–10 world cup              | manchester | united kingdom | keirin               |         1 | chris hoy          | gbr           |
| 2009-10-30 | 2009–10 world cup              | manchester | united kingdom | sprint               |         1 | victoria pendleton | gbr           |
| 2009-10-30 | 2009–10 world cup              | manchester | united kingdom | sprint               |         1 | chris hoy          | gbr           |
| 2009-10-30 | 2009–10 world cup              | manchester | united kingdom | 500 m time trial     |         2 | victoria pendleton | gbr           |
| 2009-11-1  | 2009–10 world cup              | manchester | united kingdom | team sprint          |         1 | ross edgar         | gbr           |
| 2009-11-1  | 2009–10 world cup              | manchester | united kingdom | team sprint          |         1 | chris hoy          | gbr           |
| 2009-11-1  | 2009–10 world cup              | manchester | united kingdom | team sprint          |         1 | jamie staff        | gbr           |","[['date', 'competition', 'location', 'country', 'event', 'placing', 'rider', 'nationality'], ['2008-10-31', '2008–9 world cup', 'manchester', 'united kingdom', 'sprint', 1, 'victoria pendleton', 'gbr'], ['2008-10-31', '2008–9 world cup', 'manchester', 'united kingdom', 'keirin', 2, 'jason kenny', 'gbr'], ['2008-11-1', '2008–9 world cup', 'manchester', 'united kingdom', 'sprint', 1, 'jason kenny', 'gbr'], ['2008-11-1', '2008–9 world cup', 'manchester', 'united kingdom', '500 m time trial', 1, 'victoria pendleton', 'gbr'], ['2008-11-2', '2008–9 world cup', 'manchester', 'united kingdom', 'team sprint', 1, 'ross edgar', 'gbr'], ['2008-11-2', '2008–9 world cup', 'manchester', 'united kingdom', 'team sprint', 1, 'jason kenny', 'gbr'], ['2008-11-2', '2008–9 world cup', 'manchester', 'united kingdom', 'team sprint', 1, 'jamie staff', 'gbr'], ['2008-11-2', '2008–9 world cup', 'manchester', 'united kingdom', 'keirin', 1, 'victoria pendleton', 'gbr'], ['2008-11-2', '5th international keirin event', 'manchester', 'united kingdom', 'international keirin', 2, 'ross edgar', 'gbr'], ['2009-2-13', '2008–9 world cup', 'copenhagen', 'denmark', 'team sprint', 1, 'chris hoy', 'gbr'], ['2009-2-13', '2008–9 world cup', 'copenhagen', 'denmark', 'team sprint', 1, 'jason kenny', 'gbr'], ['2009-2-13', '2008–9 world cup', 'copenhagen', 'denmark', 'team sprint', 1, 'jamie staff', 'gbr'], ['2009-2-13', '2008–9 world cup', 'copenhagen', 'denmark', 'sprint', 1, 'victoria pendleton', 'gbr'], ['2009-10-30', '2009–10 world cup', 'manchester', 'united kingdom', 'keirin', 1, 'chris hoy', 'gbr'], ['2009-10-30', '2009–10 world cup', 'manchester', 'united kingdom', 'sprint', 1, 'victoria pendleton', 'gbr'], ['2009-10-30', '2009–10 world cup', 'manchester', 'united kingdom', 'sprint', 1, 'chris hoy', 'gbr'], ['2009-10-30', '2009–10 world cup', 'manchester', 'united kingdom', '500 m time trial', 2, 'victoria pendleton', 'gbr'], ['2009-11-1', '2009–10 world cup', 'manchester', 'united kingdom', 'team sprint', 1, 'ross edgar', 'gbr'], ['2009-11-1', '2009–10 world cup', 'manchester', 'united kingdom', 'team sprint', 1, 'chris hoy', 'gbr'], ['2009-11-1', '2009–10 world cup', 'manchester', 'united kingdom', 'team sprint', 1, 'jamie staff', 'gbr']]"
